{"frames":{"kaito01":{"frame":{"x":17,"y":0,"w":16,"h":32},"rotated":false,"trimmed":false,"spriteSourceSize":{"x":0,"y":0,"w":16,"h":32},"sourceSize":{"w":16,"h":32}},"kaito02":{"frame":{"x":68,"y":33,"w":16,"h":32},"rotated":false,"trimmed":false,"spriteSourceSize":{"x":0,"y":0,"w":16,"h":32},"sourceSize":{"w":16,"h":32}},"kaito03":{"frame":{"x":34,"y":0,"w":16,"h":32},"rotated":false,"trimmed":false,"spriteSourceSize":{"x":0,"y":0,"w":16,"h":32},"sourceSize":{"w":16,"h":32}},"kaito04":{"frame":{"x":0,"y":33,"w":16,"h":32},"rotated":false,"trimmed":false,"spriteSourceSize":{"x":0,"y":0,"w":16,"h":32},"sourceSize":{"w":16,"h":32}},"kaito06":{"frame":{"x":17,"y":33,"w":16,"h":32},"rotated":false,"trimmed":false,"spriteSourceSize":{"x":0,"y":0,"w":16,"h":32},"sourceSize":{"w":16,"h":32}},"kaito07":{"frame":{"x":34,"y":33,"w":16,"h":32},"rotated":false,"trimmed":false,"spriteSourceSize":{"x":0,"y":0,"w":16,"h":32},"sourceSize":{"w":16,"h":32}},"kaito05":{"frame":{"x":51,"y":0,"w":16,"h":32},"rotated":false,"trimmed":false,"spriteSourceSize":{"x":0,"y":0,"w":16,"h":32},"sourceSize":{"w":16,"h":32}},"kaito09":{"frame":{"x":51,"y":33,"w":16,"h":32},"rotated":false,"trimmed":false,"spriteSourceSize":{"x":0,"y":0,"w":16,"h":32},"sourceSize":{"w":16,"h":32}},"kaito08":{"frame":{"x":68,"y":0,"w":16,"h":32},"rotated":false,"trimmed":false,"spriteSourceSize":{"x":0,"y":0,"w":16,"h":32},"sourceSize":{"w":16,"h":32}},"kenta02":{"frame":{"x":0,"y":0,"w":16,"h":32},"rotated":false,"trimmed":false,"spriteSourceSize":{"x":0,"y":0,"w":16,"h":32},"sourceSize":{"w":16,"h":32}},"kenta03":{"frame":{"x":0,"y":66,"w":16,"h":32},"rotated":false,"trimmed":false,"spriteSourceSize":{"x":0,"y":0,"w":16,"h":32},"sourceSize":{"w":16,"h":32}},"kenta04":{"frame":{"x":17,"y":66,"w":16,"h":32},"rotated":false,"trimmed":false,"spriteSourceSize":{"x":0,"y":0,"w":16,"h":32},"sourceSize":{"w":16,"h":32}},"kenta05":{"frame":{"x":34,"y":66,"w":16,"h":32},"rotated":false,"trimmed":false,"spriteSourceSize":{"x":0,"y":0,"w":16,"h":32},"sourceSize":{"w":16,"h":32}},"kenta06":{"frame":{"x":51,"y":66,"w":16,"h":32},"rotated":false,"trimmed":false,"spriteSourceSize":{"x":0,"y":0,"w":16,"h":32},"sourceSize":{"w":16,"h":32}},"kenta07":{"frame":{"x":68,"y":66,"w":16,"h":32},"rotated":false,"trimmed":false,"spriteSourceSize":{"x":0,"y":0,"w":16,"h":32},"sourceSize":{"w":16,"h":32}},"kenta08":{"frame":{"x":85,"y":0,"w":16,"h":32},"rotated":false,"trimmed":false,"spriteSourceSize":{"x":0,"y":0,"w":16,"h":32},"sourceSize":{"w":16,"h":32}},"kenta09":{"frame":{"x":85,"y":33,"w":16,"h":32},"rotated":false,"trimmed":false,"spriteSourceSize":{"x":0,"y":0,"w":16,"h":32},"sourceSize":{"w":16,"h":32}},"kenta01":{"frame":{"x":85,"y":66,"w":16,"h":32},"rotated":false,"trimmed":false,"spriteSourceSize":{"x":0,"y":0,"w":16,"h":32},"sourceSize":{"w":16,"h":32}}},"meta":{"app":"https://www.leshylabs.com/apps/sstool/","version":"Leshy SpriteSheet Tool v0.8.4","image":"allSprites.png","size":{"w":101,"h":98},"scale":1}}